SQ_CANDIDATO,NM_VOTAVEL,QT_VOTOS
250001597662,TONY VINICIUS DE OLIVEIRA,536
250001597663,RENATO MOTTA BICUDO GUIMARÃES E SILVA,497
250001597664,CESAR MAX DE LIMA VIEIRA,622
250001597665,THIAGO IMBERNOM,863
250001597666,HELCIO FREIRE DO CARMO,641
250001597667,VLADIMIR FRANCISCHINELLI ARRUDA LEITE,1345
250001597668,VINICIUS MANGABEIRA CARINI,570
250001597669,ADAMARIO MAXIMO DOS SANTOS FILHO,2597
250001597670,ADILSON DE BRITO FARIAS,1429
250001597671,ADRIANA MIGUEL VENTURA,109474
250001597672,ALESSANDRA REGINA VERGILIO,793
250001597673,ALEXANDRE MENDES PINHEIRO,704
250001597674,ALEXIS JOSEPH STEVERLYNCK FONTEYNE,20963
250001597675,CAIO BIANCHI BECHARA,265
250001597676,CELSO HENRIQUE DE OLIVEIRA,878
250001597677,CIBELE FRANCO NAZARETH,534
250001597678,CLEVERSON FIUZA ALVES,641
250001597679,SANDRA CAMARINHO DE MACEDO,595
250001597680,DEMÉTRIUS ALVES CABRAL FILHO,16
250001597681,ANA LUIZA HATIKIAN NEGRAO PASSOS,748
250001597682,ANDRÉA DE OLIVEIRA MORAES,1176
250001597683,ANTONIO CARLOS DA MOTTA,1143
250001597685,DANILO DA CUNHA BARBOSA,279
250001597686,SIDNEY CARVALHO ELIAS,636
250001597687,SUELEN DE SOUZA LAZARINI,309
250001597688,WALTER FERNANDES DA SILVA,1032
250001597690,JÚLIO CÉSAR GUIDETTE LUCANTE SALDANHA,139
250001597691,LILIAN MARIA COSTA MANSUR ANDRADE,2943
250001597692,HUMBERTO JANTIM NETO,1398
250001597693,DANILO HENRIQUE PEREIRA DAVID,1526
250001597694,JANAINA MACEDO CALVO,1959
250001597695,MARINA HELENA CUNHA PEREIRA SANTOS,50073
250001597696,DOUGLAS VIEIRA PRIMO,170
250001597697,JANIEIRE MARIA SILVA,292
250001597698,MARCOS ANTONIO DE CARVALHO LUCAS,3728
250001597699,MAURICIO RAPPA SANTOS,5557
250001597700,MONICA ROSENBERG BRAIZAT,11655
250001597701,PAULO PROIETI,2368
250001597702,MARLI GOMES DO CARMO,1121
250001597703,RICARDO DE CAMPOS RAMOS,791
250001597704,RODRIGO TAVANO,3975
250001597705,DOUGLAS YUGI KOGA,5124
250001597706,FABIO APARECIDO PLACIDO,158
250001597707,FÁBIO ISSA ZAN,2474
250001597708,FABIO RENATO DE SOUSA FERREIRA,570
250001597709,FATIMA REGINA PORTELLA OLIVEIRA,1842
250001597710,FERNANDO HOLIDAY SILVA BISPO,38118
250001597711,JARBAS EMÍLIO DE MORAES NETO,67
250001597712,JOSE ANDRE FERNANDES,748
250001597713,MARCO ANTONIO DE SOUZA PINTO,561
250001597714,MARIA DE FÁTIMA PAULA BAULÉ,1043
250001597715,MARILZA DE FATIMA RUFINO,110
250001597716,PAULO EDUARDO BRAZILINO,343
250001597717,PAULO RAMOS BORGES PINTO VIOLARO,723
250001597718,PEDRO AUGUSTO LIA TEDDE,7873
250001597719,BRUNA KARINI DA SILVA,763
250001597720,THIAGO BONFIM DE OLIVEIRA,291
250001597721,RAFAEL DOS ANJOS SILVA,467
250001597722,RODRIGO ANDRADE BENUZZI DA LUZ,255
250001597724,PEDRO LUIS VAZ DE LIMA MATTOS,1151
250001602017,ISIS MUSTAFÁ DE ASSIS,21017
250001602024,JOSE ROBERTO BARBOSA DE SOUZA,2350
250001602025,MANOEL DAVID KORN DE CARVALHO,2171
250001602026,JAQUELINE DOMINGOS SAVIO MARTINS DO NASCIMENTO,606
250001602027,CAIO AUGUSTO SILVA DOS SANTOS,10386
250001602028,ELZA NUNES MACHADO GALVÃO,5137
250001602029,ALEXANDRE MANOEL LEME,1242
250001602030,ROSANGELA MARIA WOLFF DE QUADROS MORO,217170
250001602031,DEBORA ELOISA JUSTINO,4992
250001602032,FABIO DIAS DE OLIVEIRA,14786
250001602033,NERIA LUCIO BUZATTO,3155
250001602034,JANDIRA DE MENEZES CREPALDI,248
250001602035,EDIVAM CAMPOS DE ALBUQUERQUE,8257
250001602036,ALEXANDRE LEITE DA SILVA,192806
250001602037,FELIPE BECARI COMENALE,178777
250001602038,LAIR MOURA SALA MALAVILA JUSEVICIUS,8690
250001602039,GIVANILSE DOS SANTOS,13430
250001602040,JULIANA DE PAULA LOURO TENÓRIO,2137
250001602041,JOSE CARLOS OROSCO,23224
250001602042,LUIS ANTONIO DE LIMA CLEMENTE,1744
250001602043,ESTER LOPES DE SOUZA FLOR,5099
250001602044,MARCELA DE CARVALHO NORA,3235
250001602045,FERNANDO CAPEZ,40346
250001602046,ANTONIO GOULART DOS REIS,42365
250001602047,RAQUEL VIEIRA DOS SANTOS,1492
250001602048,KIM PATROCA KATAGUIRI,295460
250001602049,LIGIA LIMA DOS SANTOS,2936
250001602050,CAROLINE DO AMPARO CERQUEIRA,4258
250001602051,ALEX MACEDO DE SOUZA,1619
250001602052,JOSÉ ADÃO DA COSTA,3091
250001602053,ROBERTO SEBASTIÃO PETERNELLI JUNIOR,17589
250001602054,ALEX DOS REIS,1759
250001602056,DAVID BEZERRA RIBEIRO SOARES,93831
250001602057,LUSINEIDE NEVES BARRETO,1102
250001602058,MAYRA LARISSA COSTA MIRANDA,1530
250001602059,RODRIGO MEIRA BRITO,3674
250001602061,MARCOS GUERRA,818
250001602062,INES NANY RODRIGUES DA SILVA,1785
250001602063,SILVIO FELIX DA SILVA,9345
250001602064,RICARDO MURILO COGHI,10607
250001602066,ADRIANO ELI CORREA,59959
250001602067,DELBIO CAMARGO TERUEL,11304
250001602068,NICOLINO BOZZELLA JUNIOR,34545
250001602069,SANDRA REGINA CARBONE TADEU MUDALEN,26503
250001602070,NILSON BONOME,9636
250001602071,HAMILTON BERNARDES JUNIOR,44125
250001602072,CLOVIS BASILIO DOS SANTOS,10312
250001602073,EDUARDO SANASSAR FONSECA,637
250001602074,MARIA AUGUSTA FERREIRA FONSECA,358
250001602075,DOUGLAS DE PAULO VIEGAS,76149
250001602076,PAULO SERGIO SOARES DA SILVA,2204
250001602077,REINALDO DE SOUZA ALGUZ,62666
250001602078,JEFFERSON LUIZ PEREIRA DA SILVA,1123
250001602079,FERNANDO JOSE DE SOUZA MARANGONI,89390
250001602080,PAULO SERGIO ABOU ANNI,39013
250001604811,VALDEMAR SILVA,2656
250001604812,DENILSON MIOTTO,575
250001604813,MARCIA REGINA ALVES GONCALVES,1408
250001604814,ADRIANA RAMOS AFONSO EL RIFAI,1595
250001604815,ANDERSON GONDIM SAMPAIO,267
250001604816,ANDRE LUIS RAMOS PEDROSO,9106
250001604817,DANILA CINTIA AZEVEDO DE OLIVEIRA,2676
250001604818,MUNIR WAHHAB,756
250001604819,MARCIA BUENO DA SILVA,264
250001604821,OSMAR BENEDITO PRIANTE,1316
250001604822,ROSINETE DA SILVA MOREIRA,220
250001604824,MARCILIO DUARTE LIMA,207
250001604825,FLAVIANE MENESES AQUINO,1059
250001604826,BRUNO MADEIRA DE CARVALHO,1581
250001604827,EDUARDO COSENTINO DA CUNHA,5044
250001604828,ANTONIO RAIMUNDO FEDOSSI,2295
250001604829,JOARLEY MOISES ALVES DOS SANTOS,5605
250001604830,DAISE MARIA PEREIRA SILVA,222
250001604831,CLAUDINEI DE OLIVEIRA BARBOSA,5531
250001604832,FERNANDO FERRARI MERIGLI,1631
250001604833,RUBENS NUSQUE JUNIOR,3750
250001604834,JOSE ANTONIO DE OLIVEIRA,2486
250001604835,NILSON JESPERSEN DE OLIVEIRA FRANCO,826
250001604836,SELMA RODRIGUES DANTAS MUNHOZ,826
250001604837,DANIEL MIGUEL,1520
250001604838,ITALO LORENZON NETO,4619
250001604839,WAGNER TADEU SILVA PRADO,9009
250001604840,WELDER DOUGLAS DA SILVA,3196
250001604841,RENATO TAMAIO DE SOUZA,347
250001604842,SILVIO ROMERO DE MAGALHAES LEITE,1442
250001604843,SILVANA MENK PINTO,318
250001604844,JURANDIR PEREIRA ALENCAR,740
250001604845,NEFI ANTONIO CASTRO TALES,749
250001604846,MIGUEL ANDERSON HEREDIA DE SÁ,614
250001604848,ELIAS GUIMARAES BORGES,79
250001604849,OSVALDO MACEDO NEGRÃO,2246
250001604850,NELIO FERNANDO DOS REIS,2155
250001604851,JUNIA CRISTINA LEME MACEDO,1311
250001604852,ROSEMEIRE MARTINS DE CARVALHO,1187
250001604853,CLAUDINEIA MOREIRA DE ALMEIDA,290
250001604854,RAFAEL ALMEIDA PRADO VALENTIM,2250
250001604855,ROBERTA CRISTINA RONCADA GASPAR,161
250001604856,VIVIANE BERGAMO MORGERO,201
250001604857,MICHAEL DELLA TORRE NETO,975
250001604858,LUCIANA RIBEIRO CASTELLAN,896
250001604859,JULIANA PINTO GONÇALVES,1301
250001604860,MARIA CELESTE JUSTA,289
250001604861,BOLIVAR FUNDÃO FILHO,402
250001604862,ALESSANDRA SOUZA VALIM,254
250001604863,LUIZ FRANCISCO TEIXEIRA,555
250001604864,MARCELO ROSSI DOS SANTOS,7612
250001604865,HUGO GOMES PAIVA,186
250001604866,RODRIGO PIERNAS ANDOLFATO,6644
250001604867,ADRILLES REIS JORGE,91485
250001604868,VERA LUCIA SERVONE PINTO,179
250001604869,MARIA JOSE DE SOUZA,380
250001604871,ALTAIR CAMPANA,297
250001604873,GUILHERME SORICILLO BUNGER,1486
250001604874,VAGNER BERTI,557
250001604875,WELLINGTON MACEDO DE SOUZA,1118
250001604876,JAIR GOMES DA SILVA,488
250001604877,SYLVIO MALHEIRO JUNIOR,2691
250001604878,PAULO SUSSUMU KOBAYASHI,3393
250001604879,RAFAEL ALBANEZ,1429
250001604881,JOEL ANTONIO DE MELLO,186
250001604937,KALED ALI EL MALAT,1499
250001604938,MARIA APARECIDA PINTO,1279
250001604939,MARCO AURELIO BERTAIOLLI,157552
250001604940,VINICIUS SAUDINO DE MORAES,10599
250001604941,SUSANA LAMBERT DE BRITO SILVA,359
250001604942,CÉLIA RAMOS DE JESUS FEITOSA,1910
250001604943,CLAUDIA CARRATO GRANDE,3666
250001604944,AGNALDO CRUZ DE OLIVEIRA,186
250001604945,KARINA CELESTE MOURA,20725
250001604946,EMERSON KAPAZ,3793
250001604947,LUANA DE BRITO TAVARES,3240
250001604948,ANTONIO CEZAR CORREIA FREIRE,143434
250001604949,BRUNO SCAFFIDI,2998
250001604950,CLEBER JACOB,2806
250001604951,SUSANNA DO VAL MOORE,2215
250001604952,TALMA CRISTINA NONAKA,288
250001604953,THIAGO DE AZEVEDO LOPES FONSECA,40477
250001604954,VALDINEI MARCELINO LIMA,485
250001604955,VALÉRIA MEIRELLES MONTEIRO,1225
250001604956,FLÁVIA OLIVITO LANCHA ALVES DE OLIVEIRA,29841
250001604958,ANDRÉ MAXIMILIANO MORON MACHADO,11916
250001604959,DENILSON ROCHA ZIROLDO,5355
250001604960,EDSON MOURA,9866
250001604961,FLÁVIO AUGUSTO DA SILVA,31657
250001604962,WALTER SHINDI IIHOSHI,55027
250001604963,VINICIUS MARCHESE MARINELLI,45933
250001604964,ALESSANDRO DE FREITAS LEONE,2275
250001604965,SAULO PEDROSO DE SOUZA,80186
250001604966,LUÍS EDUARDO ANTUNES VIEIRA,209
250001604967,RICARDO AUGUSTO MACHADO DA SILVA,133936
250001604968,ELIEL MIRANDA,50875
250001604969,ALESSANDRO RUIZ MARTINEZ,8626
250001604970,ELIANA FERNANDES CONCEIÇÃO,1180
250001604971,ADRIANA ALVES DA SILVA RAMALHO,11074
250001604972,GUILHERME CAMPOS JUNIOR,43757
250001604973,ELAINE DOSOLINA FAVERO,100
250001604974,FABIO HENRIQUE DA CONCEIÇÃO,1239
250001604975,FERNANDA FERREIRA DE ARAÚJO,202
250001604976,IOLANDA GOMES RUAS,363
250001604977,JORGE CORRÊA DE ARAUJO,418
250001604978,JOSIANE CRISTINA FRANCISCO PIETRO,453
250001604979,MILTON ANTONIO CASQUEL MONTI,35440
250001604980,PEDRO TADEU BATISTA,1072
250001604981,RENATO TADEU DE OLIVEIRA PAIVA,1176
250001604982,RIBAMAR ANTONIO DA SILVA,65219
250001604983,RICARDO MITSUO NAKAGAWA,12645
250001604984,SILVIO EDUARDO CONEGLIAM PECCIOLI,13164
250001604985,WALLACE COSTA LANDIM,1444
250001604986,MARCELO DA MOTTA BARRICHELLO,1217
250001606060,MARCELO HENRIQUE SILVA,23324
250001606061,SIDNEY LUIZ DA CRUZ,21034
250001606062,HENRI DIAS,2482
250001606063,RICARDO YOSHIO,12804
250001606064,CRISTIANO SALMEIRÃO,11417
250001606065,DANILO MARCO MORGADO SILVA,23943
250001606066,ROBSON JOSE DOS SANTOS,2899
250001606067,MARCELO DE LIMA FERNANDES,110430
250001606068,MÁRIO DE OLIVEIRA,917
250001606069,EDUARDO VINICIUS VENTURELLI DE ALMEIDA PRANDO,3209
250001606070,ASTROGILDO CANDIDO DE SOUSA JUNIOR,280
250001606071,KOYU IHA,822
250001606072,ALINE CRISTINA DE SOUZA UBIDA,3685
250001606073,EDITH FERREIRA DE SOUZA OLIVEIRA,571
250001606074,TANIA CRISTINA MARTINS SILVA,299
250001606075,SILÉA BENEDETTI DE MACEDO PEDROSO,498
250001606076,TATIANA LIMA SCHIMIGUEL,121
250001606077,PATRÍCIA CRISTINA MARÇAL,711
250001606078,SIRLENE DE LIMA DOMINGUES,185
250001606079,FERNANDO ANTONIO MARCELO,1805
250001606080,EDSON FERREIRA PONTES,1195
250001606081,MAURICIO CHINAGLIA,540
250001606082,LUCIANO DA CONCEIÇÃO,304
250001606083,LUIS CLAUDIO BILI LINS DA SILVA,953
250001606084,JOSE DOMINGOS RIZZO,470
250001606085,JOSÉ ANTONIO FERNANDES PAIVA,2227
250001606086,ANGELA BARBOSA DOS SANTOS,502
250001606087,ANDRÉIA ROSA DA SILVA TOFOLO,3351
250001606088,ANDREIA APARECIDA GOMES DE SOUSA FERNANDES,246
250001606089,EUNICE FATIMA RODRIGUES REBOUÇAS DO NASCIMENTO,801
250001606090,LORENY MAYARA CAETANO ROBERTO,29703
250001606091,ANTÔNIO AGNALDO GUERRA,561
250001606092,LUIZ DE SOUZA ARRAES,1774
250001606093,UBIRATAN ALAN DE CARVALHO,210
250001606094,JOSE PAULINO DE SOUZA JUNIOR,924
250001606095,PAULO PEREIRA DA SILVA,64137
250001606096,PAULO MARCELO SCHALLENBERGER,853
250001606097,MARIA HELOISA GOMES DA SILVA,302
250001606098,MARIANNE BORGES TAVELLI,2542
250001606099,ALEXSANDRE SANTOS RAMOS,9403
250001606100,CLAUDIO FREITAS,6527
250001606101,EDILAINE DANIEL CARVALHO,7775
250001606102,CLEUZA BORDIN QUEIROZ DA SILVA,248
250001606103,AMANDA ROSA MARIA SILVA,1934
250001606104,DAVID JOSE BUENO GOMES,12527
250001606105,EDUARDO DE VASCONCELLOS CORREIA ANNUNCIATO,8822
250001606106,RONAN ALOISIO GOULART,2727
250001606107,TARYK AL JAMAHIRIYA AGIO,261
250001606108,VALDOMIRO SUTERIO,986
250001606109,RENATO ARAUJO DA CRUZ,1591
250001606110,REGINALDO ARAUJO SENA,1022
250001606111,LUIZ CLAUDIO LUZ DA CONCEIÇÃO,554
250001606112,JORGE BATISTA LOPES,470
250001606113,MAXIMILIANO RODRIGUES,743
250001610256,FRANKLIN VENANCIO DA SILVA NETTO,4845
250001610257,DIUMIRA CARDOSO DE LIMA,395
250001610258,RENATA HELLMEISTER DE ABREU MELO,180247
250001610259,JUAREZ JUVÊNCIO DOS SANTOS,4047
250001610260,MÁRIO COVAS NETO,4954
250001610261,JOSÉ AFONSO LOBATO,37645
250001610262,JOSE WANDERLEY DE ANDRADE,5202
250001610263,MARCOS ANDRÉ PAPA,10014
250001610264,CLEBER FERNANDO BERNARDI,1029
250001610265,ILDA MARA REIS,235
250001610266,MARCELO JOSÉ ORTEGA,3665
250001610267,PAULO ROBERTO AMARAL VIEIRA,3539
250001610268,PAULO ROBERTO DE CAMPOS,24790
250001610269,ROSA ALVES CARDOSO,115
250001610270,BRUNO AREVALO GANEM,141595
250001610271,LUIZ CLAUDIO NOGAROTO AMARAL,8498
250001610272,HENI OZI CUKIER,98720
250001610273,FAUSTO SALVADOR PERES,6288
250001610274,NEVTON OLIVEIRA ROCHA,1222
250001610275,AUGUSTO EDUARDO VIDAL NETO,2385
250001610276,CRISTIANE FORSSELL FERRARA FOMIN,2830
250001610277,CRISTIANE KÁTIA SIMONI ABREU,2037
250001610278,FRANCISCO ALEXANDRE FILHO,10588
250001610279,JORGE MALULY NETO,8504
250001610280,WALTER JOSÉ DA SILVA,749
250001610281,RICARDO HOLZ VIDAL DOS SANTOS,2177
250001610282,ROGER LIN,3825
250001610283,VALDECI ANTONIO DE PROENÇA,4270
250001610284,EUCLIDES ROBERTO FERREIRA,540
250001610285,JOSÉ LEMES SOARES,1749
250001610287,DÉBORA CRISTINA CHANTRE CARDOSO,1218
250001610288,ADELAIDE CASTRO DE OLIVEIRA,1516
250001610289,LUCIANO DA SILVA,5288
250001610290,JOSÉ EDUARDO STANELIS DE AQUINO,6051
250001610291,MARCUS VINICIUS DE ARAÚJO DANTAS,3996
250001610293,WANESSA SOUSA BOMFIM,3120
250001610294,SERGIO RICARDO RIBEIRO DE OLIVEIRA,2108
250001610295,ALESSANDRO SONEGO DE ALMEIDA,6061
250001610296,PAULO ROMEIRO DE ALMEIDA SOARES,34005
250001610297,MARIA CÉLIA RODRIGUES PACHECO,6940
250001610298,MARIA LUCIA DA SILVA,772
250001610299,FABRES LENE DE AQUINO DELMONDES,1173
250001610300,ANA ALICE FERNANDES DE ALMEIDA,839
250001610301,APARECIDO BARBOSA DA SILVA,2748
250001610302,DANIEL JOSÉ DA SILVA OLIVEIRA,38090
250001610303,RICARDO LIMA BRAGA SANTISTEVAN,1436
250001610304,CAIO JOSÉ CARLOS SILVEIRA GAIANE,2155
250001610305,EDUARDO JANZON AVALLONE NOGUEIRA,8869
250001610306,MARCIO RODRIGUES,2314
250001610307,FARID SAID MADI,31352
250001610308,PRISCILA SILVA SOUZA,626
250001610310,MARIA LUCIA DA SILVA,84
250001610311,RENATA ODETTE DE MELLO,288
250001610312,RENAN ELIAS GODINHO,3487
250001610313,IVAN SERIGATO JUNIOR,2166
250001610314,LUIZ SCALEA,6818
250001610315,ALESSANDRO TADEU DAMIN,1192
250001610316,RODRIGO GAMBALE VIEIRA,108209
250001610317,JOÃO BOSCO DE OLIVEIRA,271
250001610318,JAIR CUSTÓDIO DA SILVA,1171
250001610319,FLAVIA CAMARGO DA SILVA,9198
250001610320,CLEBER ARAÚJO BARBOSA,1906
250001610321,ROSA ENEIDE DOS SANTOS ABLAS,797
250001610322,VALDETE GOMES DUTRA PEREIRA,866
250001610323,ZULEICA MADALENA SANTORO,416
250001610324,GUILHERME CAMPO DALL ORTO LEITE DO AMARAL,7637
250001610325,JÚLIO CÉSAR GARCIA,1158
250001610326,JOSE JOAQUIM FERNANDES RAPOSO FILHO,3000
250001610643,REGINALDO CAMILO DOS SANTOS,8858
250001610644,SYMMY LARRAT BRITO DE CARVALHO,5400
250001610646,VICENTE PAULO DA SILVA,82912
250001610647,MARTA DE SOUZA SOBRAL,13839
250001610648,PAULO APARECIDO SILVA CAYRES,15610
250001610649,PEDRO TOURINHO DE SIQUEIRA,74729
250001610650,RAFAEL BRUXELLAS PARRA,17251
250001610651,JORGE ANTONIO SORIANO MOURA,3744
250001610652,JOSÉ AMÉRICO ASCENCIO DIAS,42813
250001610653,JUVENAL DE AGUIAR PENTEADO NETO,4146
250001610654,JILMAR AUGUSTINHO TATTO,157843
250001610655,HENRI HAIM ESSES,182
250001610656,JOSÉ RIBAMAR PIAUILINO DE SOUSA,1685
250001610658,LUCIENE BARROS VERISSIMO DA SILVA,2432
250001610659,MÁRCIA REBESCHINI PATELLA DA SILVA,2659
250001610660,MARIA REGINA GONÇALVES,8905
250001610661,MÔNICA GABRIELA BUAVA DE FREITAS,21760
250001610662,RALF SANTOS NAURE,494
250001610663,ALENCAR SANTANA BRAGA,139223
250001610664,ADELINO FRANCISCO DE OLIVEIRA,12789
250001610665,ISADORA MARTINATTI PENNA,31092
250001610666,SANDRA APARECIDA MADEU IDA,1271
250001610667,WAGNER OCIMAR BALIEIRO,49562
250001610668,LUIZ PAULO TEIXEIRA FERREIRA,122800
250001610669,MATEUS OLIVEIRA MORO,4928
250001610670,PASCOALINA SOUZA SILVA,6224
250001610671,REINALDO FRANCO DE SOUZA,3428
250001610672,RUI GOETHE DA COSTA FALCÃO,193990
250001610673,JULIANA CARDOSO,125517
250001610674,CARLOS ALBERTO ROLIM ZARATTINI,147349
250001610675,ADALBERTO FELICIO MALUF FILHO,3162
250001610676,RAUL THAME DE TOLEDO ALMEIDA,655
250001610677,KERLLYN DE OLIVEIRA MENEGUSSE,3919
250001610678,LUIZ MARINHO,156202
250001610679,ORLANDO VITORIANO DE OLIVEIRA,54243
250001610680,POLLYANNA DO VALLE ATAGIBA,20066
250001610681,ANTONIO ALBERTO MACHADO,16047
250001610682,JAQUES ARTUR MUNHOZ,5983
250001610683,PATRÍCIA SIMÕES VEDRANO,502
250001610684,RICARDO BRUNO MELENCHON,391
250001610685,TAMIRES GOMES SAMPAIO,25030
250001610686,KÁTIA SILVA DE OLIVEIRA,3691
250001610687,MARIANA CERGOLI JANEIRO,22464
250001610688,NILTO IGNÁCIO TATTO,151861
250001610689,FERNANDA STEFANI CURTI,24566
250001610690,JACQUELINE CHANEL,489
250001610691,ROSÂNGELA SILVA DOS SANTOS,37291
250001610692,ORLANDO SILVA DE JESUS JUNIOR,108059
250001610693,DOUGLAS ELIAS BELCHIOR,50391
250001610694,DOUGLAS MARTINS IZZO,41359
250001610695,EDUARDO DADE SALLUM,10885
250001610696,EMERSON DE ABREU SANTANA,3757
250001610697,FABIANA SOLER DOS SANTOS ANDRADE,7036
250001610698,FABIO SILVA CALIXTO,1912
250001610699,FERNANDA MENDES PRADO,1974
250001610700,CLAUDIO BISPO,8785
250001610701,IARA BERNARDI,45136
250001610702,JANAINA FERRATO ELIAS,4235
250001610703,CELI REGINA DA CRUZ,9129
250001610704,CLAUDETE ALVES DA SILVA,23943
250001610705,FRANCISCO DANIEL CELEGUIM DE MORAIS,167438
250001610706,FRANCISCO JOSÉ NOGUEIRA DA SILVA,13147
250001610707,GERALDO MARTINS DE SOUZA,4775
250001610708,GILBERTO ANTONIO LUIZ,11366
250001610709,GILDENOR ALVES FREIRE,2693
250001610710,ALEXANDRE ROCHA SANTOS PADILHA,140037
250001610711,ALFREDO ALVES CAVALCANTE,97063
250001610712,ARLINDO CHIGNALIA JUNIOR,144108
250001610713,BERNARDO LERER,2673
250001611216,MAICON VINICIUS RIBEIRO DA SILVA,1352
250001611217,MARLON FARIAS DA LUZ,53845
250001611218,LUIZ OTAVIO OLIVEIRA CAMPOS,512
250001611219,ADENILSON SILVA ALVES,4502
250001611220,MARCOS ESTEVÃO MARQUES SARAIVA,4864
250001611221,EDNA APARECIDA OLIVEIRA SANTOS,696
250001611222,CARLA CRISTINA MASSARO FLORES,1304
250001611223,MARCIO GONÇALVES MACIEL,1945
250001611224,ROBERTO RUFCA DE OLIVEIRA,2541
250001611225,JULIANE LAURA CAMOLESI GALLO,2476
250001611226,ARMANDO FERREIRO RODRIGUES,5860
250001611227,MARIO PALUMBO JUNIOR,254898
250001611228,MARCEL DE JESUS GARCIA,2564
250001611229,FERNANDO ALVES LISBOA DINI,8338
250001611230,ANA PAULA TAVARES DE OLIVEIRA GOFFI,7646
250001611231,JORGE LUIS LEPINSK,8092
250001611232,ELIANA MARUCCI COSTA MIRANDA,444
250001611233,TANDARA ALVES CAIXETA,7412
250001611234,LUIZ LAURO FERREIRA,3093
250001611235,LEONORA MENDES DE LIMA,16678
250001611236,LUCIANO ANDRE RODRIGUES,4272
250001611237,PAULO MARCIO LIMA DE OLIVEIRA,1524
250001611238,HELIO NISHIMOTO,13415
250001611239,ANDREIA VAZ TOSTES IRENTE,1431
250001611240,JOÃO CURY NETO,80085
250001611241,MARIA GABRIELA PRADO MANSSUR,24291
250001611242,SIMONE APARECIDA CURRALADAS DOS SANTOS,97730
250001611243,CLAUDINEI DA ROCHA CORDEIRO,4591
250001611244,ALBERTO PEREIRA MOURÃO,114234
250001611245,LUIZ FELIPE DE LIMA SANTOS,703
250001611246,ALCIDES FERNANDES BARBOSA,1377
250001611247,RUI CARLOS VINCENZI,742
250001611248,ENRICO VAN BLARCUM DE GRAAFF MISASI,77949
250001611249,TAKAHARU YAMAUCHI,34163
250001611250,IOLANDA KEIKO MIASHIRO OTA,16626
250001611251,LUIZ FELIPE BALEIA TENUTO ROSSI,236463
250001611252,RENATO MENEGUELO,490
250001611253,EDMILSON DE SOUZA VIEIRA FEITOSA,850
250001611254,FÁBIO EDUARDO DE OLIVEIRA TERUEL,235165
250001611255,FABIO RINALDI MANZANO,2655
250001611256,ELAINE SILVEIRA NEVES,627
250001611257,EDVAM RAMOS DE SOUZA,616
250001611258,ARNALDO SALVETTI PALACIO JUNIOR,10994
250001611259,FABRICIO DIAS JUNIOR,5425
250001611260,CLEUSA RAMOS ZERBINI,35542
250001611261,KAUÊ CESAR SILVA,8321
250001611262,ROBERTO MARTINS FIGUEIREDO,4587
250001611263,RODNEY VICENTE DE SOUZA,4884
250001611264,MARCOS ANTONIO PALERMO,7103
250001611265,HERNANI ALBERTO MONACO LEONHARDT,4407
250001611266,RICARDO KANAAN MARIANO DE ALMEIDA,943
250001611267,LARISSA PAIVA ANALIO MARCELINO,880
250001611268,WALTER VICIONI GONÇALVES,6186
250001611269,DANIEL NEVES DE FARIA,2381
250001611270,ALESSANDRA ESQUIVEL PRANDI,1842
250001611271,LIDIANI ROCHA FERREIRA,386
250001611272,SUELY APARECIDA ANTONIO,697
250001611273,MARCELO DA SILVA,2610
250001611274,DENIS EDUARDO ANDIA,75082
250001611275,EDSON COELHO ARAÚJO FILHO,17317
250001611276,APARECIDO SARAIVA DA ROCHA,23067
250001611277,FABIO CESAR SATO,10894
250001611278,JANAINA CARLA DE LIMA PASCALICHIO,10355
250001611305,DANILO SILVEIRA RAMOS,46745
250001611306,RAMIRO ALVES DA ROCHA CRUZ JUNIOR,4542
250001611307,FREDERICO BRAUN D AVILA,46974
250001611308,MOSART ARAGÃO PEREIRA,33783
250001611309,LILIANE GONÇALVES VENTURA LOPES,8193
250001611310,ELIANA BERTA FERNANDES CORRAL,764
250001611311,ROSANA DE OLIVEIRA VALLE,216437
250001611312,VANESSA FERREIRA GOMES,6755
250001611313,VINICIUS TADEU SATTIN RODRIGUES,29760
250001611314,SERGIO NASCIMENTO DE CAMARGO,13085
250001611315,RICARDO DE AQUINO SALLES,640918
250001611316,DAVID ABMAEL DAVID,18781
250001611317,APARECIDA BATISTA DIAS BARRETO DE OLIVEIRA,2346
250001611318,WESLEY RENATO DE OLIVEIRA SOUZA,15595
250001611319,KATIA DA SILVA SASTRE,60330
250001611320,CRISTIANE FERREIRA DA SILVA,5450
250001611321,FRANCISCO EVERARDO TIRIRICA OLIVEIRA SILVA,71754
250001611322,LUIZ FELIPE DE ANDRADE FOLGOSI,30921
250001611323,LUIZ ZACARIAS DE ARAUJO FILHO,22698
250001611324,MARIO LUIS FRIAS,122564
250001611325,ROSALINA SONIA DOS SANTOS,2143
250001611326,RITA DE CASSIA BORGES DOS SANTOS GUEDES,2994
250001611327,PAULO FRANCISCO MUNIZ BILYNSKYJ,72156
250001611328,JOSÉ OLIMPIO SILVEIRA MORAES,61938
250001611329,JEFFERSON ALVES DE CAMPOS,155336
250001611330,GILMAR DA SILVA GIMENES,8022
250001611331,FREDERICK WASSEF,3628
250001611332,ARMANDO BEGA,9841
250001611333,LUIZ PHILIPPE DE ORLEANS E BRAGANÇA,79210
250001611334,CLEONICE DE OLIVEIRA,4962
250001611335,MARCO ANTONIO FELICIANO,220595
250001611336,MARCIO LUIZ ALVINO DE SOUZA,187314
250001611337,MARGARETE SÁ DOS REIS,441
250001611338,CRISTIANE IGNACIO ISIDORO BRAZ,1498
250001611339,DIOGO PEREIRA FORJAZ,12205
250001611340,ELLEN RENATA DE MICO CHARKANI SIMÕES,651
250001611341,FERNANDO LISBOA DA CONCEIÇÃO,25294
250001611342,FERNANDO PINHEIRO,30364
250001611343,ISAAC DALCOL ANTUNES,14371
250001611344,JOÃO EDUARDO DADO LEITE DE CARVALHO,14106
250001611345,LUIZ CARLOS MOTTA,104701
250001611346,LYSSA CAROLINE MONTEIRO MAXIMO CARTIER,2045
250001611347,MARSCHELO RODRIGO MARIN MECHE,10996
250001611348,MAURICIO BERNARDINO SOARES,944
250001611349,PATRICIA SANT ANA BORGES,10434
250001611350,PAULO NISHIKAWA,8166
250001611351,PAULO ROBERTO FREIRE DA COSTA,161675
250001611352,ADILSON BARROSO OLIVEIRA,62445
250001611353,ANA SILVIA GOES DE SOUZA,4218
250001611354,ANDERSON CAVANHA,17193
250001611355,ROBSON LIEBETANZ DZELVE CALABIANQUI JUNIOR,22926
250001611356,MATHEUS DE OLIVEIRA PINTO,15166
250001611357,JOSÉ AUGUSTO ROSA,168740
250001611358,RICARDO DA CRUZ FERNANDES,2816
250001611359,GUILHERME MURARO DERRITE,239772
250001611360,LILIAN REGINA SANTANA TROVÃO,3443
250001611361,MARCIO TADEU ANHAIA DE LEMOS,61546
250001611362,ANTONIO CARLOS RODRIGUES,73054
250001611363,CARLOS ALBERTO DE SOUZA,37969
250001611364,DULCINEIA LOPES DE OLIVEIRA,7234
250001611365,CARLA ZAMBELLI SALGADO DE OLIVEIRA,946244
250001611366,MARTINHO CARLOS COLPANI FILHO,7254
250001611367,SALOMÃO PEREIRA DA SILVA,3493
250001611368,ROBERTO CACCIARI FILHO,19751
250001611369,ROSILAINE APARECIDA DOS SANTOS BRANDÃO,3474
250001611370,SAMIRA SILOTI,946
250001611371,MIGUEL LOMBARDI,107869
250001611372,CATIA NUNES DE ABREU,1914
250001611373,DAVID CARDOSO,3331
250001611374,EDUARDO NANTES BOLSONARO,741701
250001611405,ANTONIO RIBEIRO DUARTE,488
250001611406,CLAUDIO DONIZETE DOS REIS,667
250001611407,GABRIELA GUERRERO ARIONE,218
250001611408,MARCELLO FERREIRA DOS SANTOS,1256
250001611409,MARIANA FRAGOSO WATANABE,132
250001611410,RENATO BENEDUCI ASSAD,477
250001611411,THAIS RABELLO SILVA,245
250001611412,WALDEMIR APARECIDO SOARES JUNIOR,744
250001611413,WELLER PEREIRA GONÇALVES,1995
250001611843,CLAUDIA CASTALDELLI CORRÊA,2073
250001611844,DANUTTA DE FIGUEIREDO FALCÃO ROSSETO,4730
250001611845,ELIANE DE SOUSA ALVES MACHADO,93305
250001611846,MARIA DO PARTO MENDES ROSAS,94787
250001611847,LEONICE LEONCIA DOS SANTOS,407
250001611848,MAURREN HIGA MAGGI,3385
250001611849,FERNANDA DA SILVA ALVES,2605
250001611850,LUCIANA DA SILVA,333
250001611851,VINICIUS RAPOZO DE CARVALHO,113009
250001611852,HELIO ALVES RIBEIRO,18711
250001611853,IVANILDO DOS SANTOS,1728
250001611855,PAULO EDUARDO SEADE SERRA,5826
250001611856,HENRIQUE STEIN SCIASCIO,47056
250001611858,RENATA BANHARA PEIXOTO MARCONDES,2494
250001611859,RENATA SIMONETTI ALVES MARCHETTI,368
250001611860,RITA DE CASSIA TRINCA PASSOS,57800
250001611861,TANIA MARA DA CRUZ TONET,1926
250001611862,SIRLEI SIKORSKI,473
250001611863,MARCOS ANTONIO PEREIRA,231626
250001611864,PIERPAOLO PAGANO,524
250001611865,RENATO TAROCO,20897
250001611866,ROBERTO PIRES,3364
250001611867,VAGNER JOSE DOS SANTOS,390
250001611869,JONATAN SANTOS DE OLIVEIRA,4187
250001611870,LEANDRO OSVALDO SANTOS MEIRELES DA FONSECA,4069
250001611871,LUIS CLAUDIO FERNANDES MIRANDA,8931
250001611872,MILTON VIEIRA PINTO,98557
250001611873,CARLOS EDUARDO MARCHESI TROMBINI,3046
250001611874,DOUGLAS MELO DE SOUSA,1571
250001611875,EDGARD MARCOS GASPAR,1767
250001611876,FABIO ALVARENGA QUINTINO,6538
250001611877,FABIO SIQUEIRA DIAS,1257
250001611878,GUALTER DE ALMEIDA AMADO,4318
250001611879,FILIPE MANSINHO DE LIMA,217
250001611880,ELIAS BONFIM AGUIAR DE SOUZA,5789
250001611881,DANIEL MOTTA DE OLIVEIRA,1607
250001611882,CELSO UBIRAJARA RUSSOMANNO,305520
250001611883,CICERO DE AQUINO,4897
250001611884,ANDRÉIA ALVES DO AMARAL,578
250001611885,BARBARA HUYARA DE OLIVEIRA VICTORIANO KOGOS,789
250001611886,DEBORA FARIAS CABRAL,746
250001611887,ELAINE APARECIDA PEREIRA GOMES,1562
250001611888,ELAINE CRISTINA DO NASCIMENTO,3185
250001611889,GLAUCIA BERENICE SANTOS DA SILVA,16664
250001611890,MARIA APARECIDA FIRMINO,718
250001611891,PAULO SERGIO DA ROCHA,4075
250001611892,RICARDO IZAR JUNIOR,70142
250001611893,ROBERTO ALVES DE LUCENA,69341
250001611894,NIVALDO DOS SANTOS,3354
250001611895,ADILSON DA SILVA ROZA FILHO,143
250001611896,ARTHUR MARIO PINHEIRO MACHADO,6600
250001611897,ADRIANO DA COSTA E SILVA,9624
250001611898,BENEDITO ROBERTO ALVES FERREIRA,92566
250001611899,DOUGLAS GARCIA BISPO DOS SANTOS,24549
250001611900,EMERSON APARECIDO DOS SANTOS,718
250001611901,ESNAR DONIZETI RIBEIRO LUZ,14219
250001611902,GILBERTO BENTO,4018
250001611903,GUILHERME PIAI SILVA FILIZZOLA,63190
250001611904,CARLOS MINORU ISHIKO,1086
250001611905,DANIEL FERNANDO DE SOUZA CAMILO,4120
250001611906,FAUSTO ALVES RAMALHO,951
250001611907,DOMINGOS LUCIO FLEMING GALILEU DE VASCONCELOS,2174
250001611955,CARINA BALBINO CARNEIRO,263
250001611956,EDICARLOS VIEIRA,14841
250001611957,FAUSTO RUY PINATO,72169
250001611958,FILIPE AUGUSTO FORNARI MONTANHOLI,16583
250001611960,GEOVANIA DE SOUSA OLIVEIRA QUEIROZ,322
250001611961,GILMARA VANZO CRISTÃO,319
250001611962,RICARDO JORGE MUTRAN,4187
250001611963,RONY DE CASTRO FRANÇA JUNIOR,331
250001611964,BIANCA COLEPICOLO,3380
250001611965,ELIZARDE DA SILVA SOUSA,806
250001611966,GILMAR ROTTA,11986
250001611967,ISRAEL NANTES SANTOS,42470
250001611968,CLEBER DA ROSA MOREIRA,5119
250001611969,ADRIANO GUIMARÃES SIMÕES,1371
250001611970,AIRTON DOS SANTOS,895
250001611971,ALBERT GAUSS,147
250001611972,ANTONIO CARLOS DE SOUZA SANTANA,6274
250001611973,BRUNO MARCELLO DE OLIVEIRA LIMA,461217
250001611974,CARLOS ALBERTO DA CUNHA,181568
250001611975,CAROLINA TAKAYAMA DOS SANTOS,1085
250001611976,CLÁUDIA PEREIRA CALDAS,359
250001611977,EDILENE OLIVEIRA ANDRADE,68
250001611978,ELAINE CRISTINA DA SILVA,189
250001611979,GERALDA MARIA DE LIMA,1025
250001611980,GLAUCIA DE MATOS BERNARDO,62
250001611981,HOSANA DA SILVA PEREIRA,512
250001611982,IGOR COIMBRA MANHANI,2684
250001611983,JHONATAN ARAUJO PANHAGUA,593
250001611984,JOSE RODRIGUES COSTA,1238
250001611985,JOSIANE DE OLIVEIRA,475
250001611986,JUSSARA MORO PRESTO,408
250001611987,LEONARDO ALEX DOS SANTOS,2015
250001611988,MARCOS ROBERTO VICENTE,2119
250001611989,MASSAEL BESSA DA SILVA,1335
250001611990,MANOEL MAURICIO SILVA NEVES,129731
250001611991,MICHELLI CASSIANA DA PAIXÃO,1303
250001611992,OSWALDO MARQUES CERA FILHO,4967
250001611993,ROGE BAUDICHON,4728
250001611994,SAMUEL DE OLIVEIRA BARBOSA,2004
250001611995,SAMUEL PAES,3180
250001611996,SAMUEL VITOR PEREIRA BERNARDI,7262
250001611997,SIMONE LOPES BETINI,3931
250001611998,SINÉSIO LUIZ ANTONIO,1583
250001611999,SOLANGE DE CÁSSIA MORAES,8150
250001612000,THALIA SILVA DE FARIA,778
250001612001,TIAGO RAMOS DE CAMPOS,1318
250001612002,PASCOAL SOUZA SILVA,85
250001612003,CRISTINA APARECIDA DOS SANTOS FERNANDES,1427
250001612004,DAIANE CRISTINA MELO CORREA BARBOSA,3590
250001612005,DIEGO ARAUJO AGIANI,2604
250001612007,DOUGLAS DE ARAUJO GIGLIO,666
250001612008,GUILHERME DE SOUZA,508
250001612009,JACQUES CHOURIK,392
250001612011,ANTONIO PEREIRA DOS SANTOS,1571
250001612012,JOÃO LUIZ LEITE,538
250001612014,JOSÉ MARIO YAMASHITA,619
250001612015,JOSÉ ROBERTO APOLARI,3744
250001612016,LUCAS SANCHES PROMESSIA,40881
250001612017,MANOEL EDUARDO PEREIRA DA CRUZ PALOMINO,4304
250001612018,MARCELO MORICKOCHI,5734
250001612019,MARCOS APARECIDO VARGAS,797
250001612020,PAULA FURTADO BRUM,5886
250001612021,PAULO ADRIANO LOPES LUCINDA TELHADA,69945
250001612022,RAPHAEL APARECIDO DE OLIVEIRA,12596
250001612024,ROGERIA MARIA DE FREITAS,199
250001612025,MARCELO MARQUES DE SOUZA,2225
250001612091,VANDERLEI MACRIS,87502
250001612092,PAULO ALEXANDRE PEREIRA BARBOSA,170378
250001612093,FREDERICO AUGUSTO ARANTES MACHADO,79041
250001612094,ALEXANDRE GLUSKOSKI VENEGAS,266
250001612095,VITOR LIPPI,106661
250001612096,CESAR RICARDO DOS SANTOS FERREIRA,5553
250001612097,MARCELO PORFIRIO DA SILVA,8993
250001612098,JOÃO ROGÉRIO RODRIGUES VICARI,825
250001612099,MARIA APARECIDA DE SOUZA COSTA SILVA,1607
250001612100,ROBERTO MOREIRA DE SOUZA,1045
250001612101,MÁRCIA ROCHA,2858
250001612102,ARNALDO CALIL PEREIRA JARDIM,113462
250001612103,IVAN RENATO DE LIMA,3653
250001612104,GUILHERME DE SOUZA GOMES,1245
250001612105,ROSSIELI SOARES DA SILVA,33516
250001612107,ALEXANDRE DE ALCANTARA,955
250001612108,SILVIA SAMPAIO SALES SANTOS,684
250001612109,EDUARDO PEDROSA CURY,92225
250001612110,MONICA APARECIDA CALAZANS,9149
250001612111,ERIKA ROBERTA DOS SANTOS OLIVETTI JACOMINI,757
250001612112,LUIS FERNANDO DE SOUZA,7036
250001612113,ANDRÉ SACCO JUNIOR,5976
250001612114,JOÃO BATISTA DE OLIVEIRA,682
250001612115,EDISON IWAO KURAMOTO,3634
250001612116,CARLOS HENRIQUE FOCESI SAMPAIO,98102
250001612117,FABIO SOARES DE OLIVEIRA,5792
250001612119,DANIELE LUCI CARDOSO BARBOSA FRANCO,944
250001612120,ELIETE NUNES FERNANDES DA SILVA,2357
250001612122,ELDO PEDRO DA SILVA,679
250001612123,MARCO ANTONIO VILLA,95745
250001612124,DMITRI PATRICIO DE LIMA,402
250001612126,CHUKS ILOEGBUNAM,2915
250001612127,SONIA MARIA DELFINO,3439
250001612128,ELTON FRANCISCO DE BRITO,875
250001612129,ALEX SPINELLI MANENTE,196866
250001612130,POLLYANA FATIMA GAMA SANTOS,12998
250001612132,JOICE CRISTINA HASSELMANN,13679
250001612133,JOAO NAVES NETO,1856
250001612134,MARIA REGINA LEME PRADO,1519
250001612135,HAROLD THAU,634
250001612136,ANA CLAUDIA CARLETTO,5722
250001612137,ALEXSSANDRO BUSSOLA,5716
250001612138,MARINA CORREIA DA SILVA,353
250001612139,JOSÉ RICARDO ALVARENGA TRIPOLI,50014
250001612140,SAMUEL MOREIRA DA SILVA JUNIOR,79633
250001612141,JOSÉ SERRA,88926
250001612142,ROSÂNGELA MARIA RIZZOLO CAMOLESE,5633
250001612143,VERA LUCIA GOMES FERREIRA PALMEZANO,4799
250001613760,HENRIQUE CARLOS PARRA PARRA FILHO,6849
250001613761,GUILHERME CASTRO BOULOS,1001472
250001613762,SÂMIA DE SOUZA BOMFIM,226187
250001613763,LUCILIO FERREIRA DA SILVA,961
250001613764,MÁRCIO LEANDRO CENTENORIO,510
250001613765,RICARDO MAGNUS OSÓRIO GALVÃO,40365
250001613766,ALEXANDRE LUÍS NOBRE TERRERI,487
250001613767,BRAZ HENRIQUE TELES,232
250001613768,EDEVALDO DONIZETTI DE CAMPOS,421
250001613769,SARA JANE RONCOLATO ZANETTI,255
250001613770,SÉRGIO DA SILVA GRILLO,464
250001613771,DYEGO RAFAEL BARBOSA SÉRVOLO,1608
250001613772,RAUL CAMPOS NASCIMENTO,1929
250001613773,ROSEMEIRE MARQUES RIBEIRO ARCHANGELO,1718
250001613774,RAFAEL PACHECO ALQUEZAR,5446
250001613775,ALICE RIBEIRO CORDEIRO DE BARROS,484
250001613776,SUELI ALVES,2000
250001613777,DORIEDSON ANTONIO DA SILVA FREITAS,3560
250001613778,ROBSON SILVÉRIO DA SILVA,374
250001613780,MARIA ELI FERNANDES DOS SANTOS MANIÇOBA,1244
250001613781,MARIA APARECIDA FAUSTINO FERNANDES,872
250001613782,ANTÔNIO OCILIO VASCONCELOS DA SILVA,2609
250001613783,AGOSTINHO FERREIRA GOMES,797
250001613784,MAISA DINIZ LIMA,6778
250001613785,MARCO ANTONIO BATISTA,422
250001613786,MARIA ISABEL LOPES DA CUNHA SOARES,1398
250001613787,ADÉRITO CÁSSIO DE ASSIS DUTRA,1646
250001613788,IVAN VALENTE,44424
250001613789,FLÁVIO SILVA FILHO,56
250001613790,ALBERTINO FERREIRA DE OLIVEIRA,2445
250001613791,LUZIANE DIAS SIMÃO,1018
250001613792,SÔNIA BONE DE SOUSA SILVA SANTOS,156966
250001613793,LUCIENE CAVALCANTE DA SILVA,49131
250001613794,FABIO JOSÉ RODRIGUES DE MELLO,8352
250001613795,VLADIMIR PINHEIRO SAFATLE,17644
250001613796,CLAUDIO GASPAR DOTTORI,495
250001613797,PATRICIA SILVA ZANELLA,3147
250001613798,CLAUDIO JOSÉ MACHADO,1486
250001613799,JOÃO PAULO RILLO,39603
250001613800,SIMONY CRISTINA TEIXEIRA DOS ANJOS,1690
250001613801,ISABEL CRISTINA GONÇALVES BERNARDES,409
250001613802,JOÃO PEDRO DA PAZ ARAÚJO,564
250001613803,MARIO DONIZETE D ANDREA,239
250001613804,MARKS RODRIGO PINTIJA,459
250001613805,GUILHERME PRADO ALMEIDA DE SOUZA,2614
250001613806,WALTECY ALVES DOS SANTOS,1635
250001613807,RICARDO URIZZI CARVALHO,2776
250001613808,ANTONIO FRANCISCO DA SILVA ARAUJO,946
250001613809,LUIZA ERUNDINA DE SOUSA,113983
250001613810,PAULA APARECIDA CARVALHO,1852
250001613811,ALVARO EXPEDITO JERONYMO,1704
250001613812,FLAVIO CASIMIRO DE SOUSA,1511
250001613813,ADOLFO TIMOTIO,882
250001613814,ERIKA SANTOS SILVA,256903
250001613815,ANDERSON SEVERIANO GOMES,2041
250001613816,MARIA LUCIA SECOTI FILIZOLA,420
250001613817,ESTHEFANIA ROBERTA DE OLIVEIRA,1092
250001613818,MARIA OSMARINA MARINA DA SILVA VAZ DE LIMA,237526
250001613819,JERUSA JANUÁRIA DA SILVA,340
250001613937,SUZANA PIROZI ADERNE,219
250001613938,AIRTON RODRIGUES DE OLIVEIRA,53
250001613939,AMARO MACHADO SOARES NETO,88
250001613940,ARTUR CESAR BONACCORSI,138
250001613941,ARTUR ROGÉRIO GUIMARÃES,64
250001613942,CAIO LYSIAS SPINA,427
250001613943,DANIEL OCTACÍLIO DE PAULA,93
250001613944,DARLEY JEAN ALBUQUERQUE BARBOSA,23
250001613945,EDINALDO ANTÔNIO DO CARMO,630
250001613946,ÉLCIO GUSSON,259
250001613947,ELIMARA LOTERIO DA SILVA DIAS,26
250001613948,ELISANGELA RODRIGUES DA SILVA,252
250001613949,ELIVALDO NOGUEIRA CHAVES,1128
250001613950,ELIZANGELA MOREIRA SOARES DE SOUZA,233
250001613951,EMERSON WELSCH,502
250001613952,FÁBIO DE ARAÚJO PATUSSO,59
250001613953,FLÁVIO DOS SANTOS ALECRIM,279
250001613954,FRANCIELLE LUZIA DE SOUZA DURAN,84
250001613955,FRANCISCO JOSÉ DA CRUZ FILHO,202
250001613956,GLÁUCIA ASSUNÇÃO DE OLIVEIRA,197
250001613957,HÉLIO TELES ALVES,196
250001613958,HELOIZA RAVASQ DA SILVA,460
250001613959,HELTON MICHAEL LEITE FERREIRA,570
250001613960,IVANDA MARIA RODRIGUES COSTA,429
250001613961,JOÃO FRANCISCO GARCIA,3594
250001613962,JONATHAN PEREIRA DE SOUZA,231
250001613963,JORGE DONIZETTI RIBEIRO DE MATOS,88
250001613964,JOSÉ AUGUSTO BARBOSA DA SILVA,358
250001613965,JOSÉ FERREIRA CAMPOS FILHO,196
250001613966,JOSÉ MAURO SOUZA DA SILVA,65
250001613967,JOSE SEBASTIÃO LEANDRO DOS SANTOS,448
250001613968,JOSÉ VASCONCELO VIANA,80
250001613969,MARCELO FRANCISCO DE LACERDA,260
250001613970,MARIA APARECIDA DE SOUZA MARQUES,100
250001613971,MARIA ELISANGELA DE ARAÚJO,366
250001613972,MIGUEL GOMES FERNANDES,301
250001613973,PATRÍCIA MORA D AVILA,256
250001613974,PAULO ATAÍDE ARAÚJO DE SOUSA,460
250001613975,PAULO ROBERTO DE ABREU,505
250001613976,REINALDO ADRIANO DO CARMO,117
250001613977,ROMÁRIO SANTOS ALVES,50
250001613978,SANDRO FERREIRA DE SOUZA,40
250001613980,SIVONEI DOS SANTOS CORREIA,351
250001613981,SOLANGE DE SOUZA,104
250001613982,SONILDA SOARES CONSTANTINO DE OLIVEIRA,60
250001613983,SYLVIO MACEDO SOARES JUNIOR,218
250001613984,YARA DE SOUZA LIMA,93
250001620251,AMILTON AUGUSTO DA SILVA JUNIOR,1066
250001620252,ANA MARIA DE GOUVÊA,1096
250001620253,ANE CAROLINE SOLLAR PEREIRA,913
250001620254,ARIADNA THALIA DA SILVA ARANTES,4885
250001620255,AUGUSTO DE ARRUDA BOTELHO NETO,42954
250001620256,CARLOS PIRES DE LIMA,1742
250001620257,CICERO ANTONIO DA SILVA,7181
250001620258,DANIEL AUGUSTO SILVA CURY,2844
250001620259,GETULIO PEREIRA SERPA,538
250001620260,HILARIO JULIANO RUIZ DE OLIVEIRA,4997
250001620261,IRACILDA LOPES GUIMARÃES,867
250001620262,ISAÍAS TEIXEIRA DE OLIVEIRA,1329
250001620264,JORGE ABISSAMRA FILHO,6952
250001620265,JOSÉ FLORIANO DE ARAUJO JUNIOR,349
250001620267,LUCIANA TRINDADE DE MACEDO,3378
250001620268,MARCO AURELIO UBIALI,13502
250001620269,NILTON LOURENÇO CANDIDO,1755
250001620270,SANDRA CRISTINA DOS SANTOS SOARES,402
250001620271,PAULO JOSÉ RIBEIRO DA SILVA,751
250001620272,DEMERSON DIAS,11936
250001620273,EDSON FRANCISCO DE SANTANA,9439
250001620274,ELIAS DE SISTO,1223
250001620275,ELISEU GABRIEL DE PIERI,18200
250001620276,EVILASIO CAVALCANTE DE FARIAS,10087
250001620277,FRANCISCO PEREIRA DE SOUSA FILHO,5861
250001620278,JACQUELINE COPQUE DE SANT ANNA PEREIRA,148
250001620279,JEFFERSON FERNANDO RIBEIRO CABRAL,177
250001620280,MARIA JOSÉ DOS SANTOS CHAVES,630
250001620281,TABATA CLAUDIA AMARAL DE PONTES,337873
250001620282,VANESSA CRISTINA DE ROSSI,1458
250001620283,WALTER JOSÉ DOS SANTOS,2376
250001620284,WESLEY CASA FORTE MARIANO,12560
250001620285,WILLIAM SILVA DAS MERCES,65
250001620286,ORLANDO MENGATTI FILHO,2866
250001620287,CIBELE FRAGOSO BOTELHO,473
250001620288,CLEITON FREITAS DE ARAUJO,705
250001620289,DANIELA CURIATI NUCCI,1247
250001620290,FABIO DEFOURNY MARTINS,5656
250001620291,FABIO ELY RAMOS,312
250001620293,FLÁVIO ROBERTO DE SOUZA SANT ANNA,4673
250001620294,FRANCINA SOUZA DRUMOND,665
250001620295,LUZIMAR RODRIGUES DA SILVA,6270
250001620296,JONAS DONIZETTE FERREIRA,84044
250001620297,WILLIAM GABRIEL CALLEGARO,3921
250001620298,WAGNER RUBINELLI,18419
250001620299,RODRIGO ANTONIO DE AGOSTINHO MENDONÇA,65506
250001620300,TEREZINHA MARIA DOS SANTOS,4803
250001620301,ROBERTO NOVAES REIS,383
250001620302,RENATO RAMOS DE SOUZA,3332
250001620303,RENATO CARVALHO DONATO,1951
250001620706,ERICA CRISTINA ROCHA GORGA,12538
250001620707,JESSICA VILOCANIA SEVERINO,1168
250001620708,EDUARDO VALERIANO DOS SANTOS,678
250001620709,FÁBIO SARTORI MANFRINATO,6865
250001620710,THEREZA CHRISTINA FARIA LIMA,647
250001620711,JOSÉ ROBERTO DE CASTRO,3157
250001620712,LEANDRO AUGUSTO DO AMARAL,3223
250001620713,NOILTON SILVESTRE RAMOS,5756
250001620714,MARIA ROSA GUSMÃO RODRIGUES,255
250001620715,ADEVAR CAMPANA,861
250001620716,FELIPE AUGUSTO TEDESCHI LINTZ,21533
250001620717,FELICIANO NAHIMY FILHO,9049
250001620718,JOSÉ ANTONIO DE GÓES FILHO,791
250001620719,LUIZ DE ALBUQUERQUE FERREIRA,1001
250001620720,MARLENE MARIA RAMOS,259
250001620721,TIOKI OGUSUKA,3105
250001620722,SÉRGIO AUGUSTO SILVA,6201
250001620723,FLAVIA FERREIRA DO PRADO,144
250001620724,GILMAR APARECIDO RODRIGUES,1447
250001620725,ALESSANDRA RUDOLPHO STRINGHETA BARBOSA,702
250001620726,ANDRE HENRIQUE BUENO DE OLIVEIRA,1180
250001620727,FERNANDA ALVES SILVA,274
250001620728,JACKSON HENRIQUE DE SOUZA,1080
250001620729,RUZINON SILVA,255
250001620730,PAULA DANIELA DE JESUS,127
250001620731,LUCIANA PAULA VALENTIM,490
250001620732,MARCOS JULIANO FERREIRA,21908
250001620733,TIAGO DOS SANTOS LIRA,1231
250001620734,ELISANGELA VIEIRA FERREIRA,216
250001620735,GLAUCIA MAXIMO DOS SANTOS,764
250001620736,JOSÉ EDINALDO DE OLIVEIRA,1209
250001620737,RENATO FERREIRA DA SILVA,21007
250001620738,JORGE HERMES GUIMARÃES,853
250001620739,FERNANDO CHIARELLI,3373
250001620740,FERNANDO BELCHIOR DIAS,2350
250001620741,PATRICIA SIQUEIRA NERI,701
250001620742,CLAUDIA SANTOS LEAL,475
250001620743,CASSIO ELMO GONÇALVES GALLO,6336
250001620744,EMERSON LUIZ DA CRUZ,91
250001620745,FABRICIO DE CARVALHO SILVA,1050
250001620746,LOURIVALDO DELFINO,558
250001620747,RAFAEL CARLOS LABIAPARI GOMES,536
250001620748,WAGNER DONIZETI PEREIRA,1310
250001620749,VALDIR ANTONIO MASSUCATO,8046
250001620750,TERESINHA DE CARVALHO,3970
250001620751,RONALDO PEREIRA COSTA,120
250001620752,ULISSES HENRIQUE MATIAS COSTA,3690
250001620753,CAMILA GARCIA,2041
250001620754,FLAVIO SILVA DE FREITAS,5825
250001620755,MARCIA VALERIA MARQUES LOPES SAQUETO,147
250001620756,APARECIDA SOUZA LIBERALINO ALVES,238
250001620757,ELISANGELA JOVANA DOS SANTOS,546
250001620758,AMANDA SANTOS DA SILVA,319
250001620759,MICHEL ARAUJO SILVA FIGUEREDO,6264
250001620760,PATRÍCIA MARIA DA SILVA,302
250001620761,VITOR LEONARDO SANTOS VARCILIO,8518
250001620762,ROGÉRIO COELHO GRAFT,3729
250001620763,CLAUDIO PERESSIM,580
250001620764,ANDRE EDUARDO RIBEIRO,21114
250001620765,BENEDITO PEREIRA COSTA JÚNIOR,1226
250001620766,EDVALDO DE OLIVEIRA PAULA,1133
250001620767,SERGIO KHODOR CURY,167
250001620768,REINALDO GUIMARÃES MOTA,619
250001620769,CARLOS ANTONIO FERREIRA DOS SANTOS,698
250001620770,HAROLDO LOUZADA DE MAGALHÃES VIANA,2697
250001620771,SINVAL MALHEIROS PINTO JUNIOR,21519
250001620772,MARCELO RODRIGUES JUNIOR,339
250001620773,EDISON DE OLIVEIRA,64
250001620774,RAFAEL ANGELO ABUD,196
250001620775,LUCIANA CUNHA,423
250001620776,ARMANDO INFANTI JUNIOR,511
250001622041,ELISA CLAUDIA COUTINHO,3447
250001622042,EMANOEL DE CARVALHO MOURA,2532
250001622043,GISELDA MÁXIMO DE LIMA,776
250001622044,IARA REGINA CORRÊA GUSMÃO,154
250001622045,PAULO CEZAR DA SILVA MOURA,309
250001622046,ANTONIO MARCOS DA SILVA POLYCENO,569
250001622047,ANDRÉ DA SILVA ROSA,4485
250001622048,RONALDO RESENDE DA SILVA,1966
250001622049,ANDRÉA REIS DUARTE,1050
250001622050,CARLOS ANDRÉ FURTADO,2205
250001622051,CLAUDINEI ALEXANDRE PIRES,2532
250001622052,WAGNER BARBOSA,1570
250001622053,WILLIAM DE SOUZA SILVA,875
250001622054,EDUARDO SIVINSKI,43557
250001622055,JOSÉ DOMINGOS BITTENCOURT,22840
250001622056,ELIANE CRISTINA CAMARGO,293
250001622057,MARCOS DA COSTA,6482
250001622058,ADEMIR RODRIGUES PEREIRA,2786
250001622059,JACQUELINE MOREIRA DOS SANTOS ALMEIDA,1343
250001622060,CRISTINA ROHRBACHER,88
250001622061,JOSÉ EDVALDO BRITO,8321
250001622062,JULIANA VALÉRIA DA SILVA,923
250001622063,JOEL DE MELO,728
250001622064,ADRIANA PIERIN,510
250001622065,NATÁLIA ROBERTA MASSI SOLERA,262
250001622066,FABIANA OLIVEIRA DA SILVA,748
250001622067,FÁTIMA MAGALHÃES DE OLIVEIRA,1362
250001622069,LUCIANO LEMOS MEGA,6928
250001622070,LUIZA FAUSTINO PEREIRA PARI,259
250001622071,ROGÉRIO DE JESUS PAES,375
250001622072,ROSELI DE PAULA SILVA DE SOUZA,177
250001622073,ROGÉRIO BATTISTETTI MARTINS RODRIGUES,440
250001622074,EUCLYDES DIAS BUCHLER,2242
250001622075,FRANCISCA SILVA SERRA MATIAS,334
250001622077,GEFFERSON LUIS DE SOUSA ROSA,1300
250001622078,GILBERTO MACHADO DE OLIVEIRA MARQUES,564
250001622079,SILVIO NIVALDO,439
250001622080,AGNALDO APARECIDO DE ARAUJO,2945
250001622081,ALESSANDRO AZEVEDO DOS SANTOS,3085
250001622082,ANA FLÁVIA DE FARIAS ZENAIDE,145
250001622083,UBIRATAN FIM MENDES,413
250001622084,JORGE EDUARDO RUBIES,404
250001622085,JOSÉ DE CASTRO COIMBRA,2433
250001622086,JOSÉ EDMILSON FERREIRA DOS SANTOS,251
250001622087,JOSE SILVA MIGUEL JUNIOR,3753
250001622089,COSME APARECIDO FELIX,1140
250001622090,ERNESTO BENEDITO NÓBILE,565
250001622091,PAULO DE TARSO NUNES CHIODE,7600
250001622092,MARCOS ANTONIO LELIS MOREIRA,6664
250001622094,ADAUTO BENTIVEGNA FILHO,1002
250001622095,ANDERSON ALVES SIMÕES,20081
250001622096,ELIAS ARACATI PAIVA,1296
250001622097,ELIAS ASSIS NETO,8671
250001622098,RUBENS DE ALMEIDA,14944
250001622099,THIAGO JOSÉ ISOLA,2266
250001622100,FRANCISCO ALVES DA SILVA,743
250001622101,VERA LÚCIA CHAGAS CONCEIÇÃO,498
250001622102,WALTER DE BARROS,111
250001622103,IVAN RICARDO GARISIO SARTORI,25779
250001622104,MARTA MARIA FERREIRA ARAÚJO,293
250001622105,CÃNDIDO ELPÍDIO DE SOUZA VACCAREZZA,6397
250001622106,MAURICIO JOSÉ LEMOS FREIRE,2575
250001622107,NORMA ELIZA HIROKO OTANI MORATO,403
250001622108,CLEOMENES ANTUNES JUNIOR,675
250001622109,CLOVIS PEREIRA JURADO,626
250001622110,LUANA TRINDADE DA SILVA,351
250001622111,PAULO JORGE VALENTIM,663
250001635933,ARTHUR BRAGANCA DE VASCONCELLOS WEINTRAUB,1990
250001635934,EDIVALDO DOMINGOS DE CASTRO,532
250001635935,EDSON FAGUNDES DE OLIVEIRA,596
250001635936,ELIAS TADEU NOGUEIRA DE OLIVEIRA,3265
250001635937,FRANCIS GRACE RAMOS FRANCISCO,47
250001635938,RICARDO GUILGER DE LIMA,213
250001635939,STEVEN SANTOS DE LIMA,146
250001635940,VERGINIA ALVES PEREIRA,689
250001635941,ABRAHAM BRAGANÇA DE VASCONCELLOS WEINTRAUB,4057
250001635942,AGNALDO JOSÉ DOS SANTOS,220
250001635943,ISABEL ALINE ROSA,107
250001635944,JONAS DE CASTRO DIAS,664
250001635945,JUAREZ DE CARVALHO COSTA,397
250001635946,KATHERINE DO FORTE SILVA,148
250001635947,LEA MARIA DE SALES CUNHA,43
250001635948,MARIA CONCEIÇÃO FRANCO DELFINO,362
250001635949,MIRIAN LEE,552
250001635950,NEMIAS DA SILVA MOREIRA,374
250001635951,OSMAR DELLA PASCHOA JUNIOR,591
250001635952,PAULO GUILHERMINO DE ARAUJO,112
250001635954,ROSANGELA CARDOSO,178
250001635955,CELSO LUIZ PEREIRA,137
250001635956,TATIANE SOARES DA SILVA,30
250001635957,MARCOS VINICIUS LUZ GIANNONI,1011
250001635958,EMERSON JONAS DE OLIVEIRA COSTA,171
250001639644,BENEDITO APARECIDO DA SILVA,9651
250001639645,JONATHAN FABIO NASCIMENTO SOUZA,245
250001639646,MARCELO APARECIDO DA SILVA,154
250001640571,BEATRIZ BARBIERE OLIVEIRA,4498
250001640572,EDUARDO CAMILO TERRA DOS SANTOS,522
250001640573,MARIA JULIA SARAIVA DE CARVALHO,606
250001640574,MAXWELL TEODORO MARIANEK ALVES,509
250001640575,PAMELA CHRISTY MESQUITA MUNIZ,506
250001640576,RENATO BESCHIZZA VALENTIN,558
250001640577,CLAUDIMAR AMARO DE ANDRADE RODRIGUES,1676
250001640578,EDUARDO DIAS REAL,866
250001640579,GABRIEL HENRIQUE MARUCCI,728
250001643711,ERICK JOSÉ ELOI DO NASCIMENTO,1979
250001643712,ADRIANO CESAR DA SILVEIRA ZAMBELLI,3130
250001643713,AMÉRICO ALEXANDRE CIANFARANI XAVIER,974
250001643714,ANTONIO MARIO DE PAULA FERREIRA IELO,5796
250001643715,CLAUDIA KEITI DA COSTA,432
250001643716,CLOVES ALVES DOS SANTOS,389
250001643717,DIJAIR DE JESUS ALMEIDA,1847
250001643718,DIMITRI SEAN RIBEIRO CARNEIRO,6626
250001643719,ELZA ALVES DE CARVALHO,863
250001643720,HEITOR ALVES,6192
250001643721,LINDINALVA DO CARMO LIMA,2327
250001643722,LUCIANO MOURA DA SILVA,203
250001643723,MARIA JOAQUINA DOS SANTOS,5874
250001643724,MARTA DIAS FELIX,313
250001643725,MÔNICA DE OLIVEIRA LOURENÇO VELOSO,11546
250001643726,PEDRO MAURÍCIO PEREIRA,1957
250001643727,RAFAEL ANTONIO DE SOUZA,977
250001643728,RUTE APARECIDA LEITE RIPARI,1523
250001643729,WILSON CALDEIRA PAIVA,29713
250001643730,ANDRÉ LUIS DE MORAES,1055
250001643731,LUIZ FELIPE DIAS,78
250001643732,ABNER JOAS TOFANELLI,13215
250001643733,CLEBER MACARIO DE MACEDO,678
250001643734,SEBASTIAO FARIAS PAIVA,569
250001643735,SOLANGE ELIZABETH DOS SANTOS DORTA,653
250001643736,VANESSA ARAUJO,2285
250001643737,WESLEY LEONARDO CEZAR,41054
250001643738,FÁBIO SILVA MOREIRA,1051
250001643739,MARCO ANTÔNIO FACCAS,594
250001643740,ANTONIO FERNANDES DOS SANTOS NETO,24721
250001643742,DANIEL MONTEIRO COSTA,9492
250001643743,DEJAIR DIAS DA SILVA,566
250001643744,GERALDO JERÔNIMO GONÇALVES,462
250001643745,GILSON DE SOUZA CARVALHO,1055
250001643746,GILVANDRO JOSÉ ALVES DE OLIVEIRA FILHO,1032
250001643747,GUSTAVO MARTINS PICCOLO,8084
250001643748,JORGE AUGUSTO FIGO PESSOA,817
250001643749,LEANDRO CSEIMAN DOURADO,12573
250001643750,LINCOLN PEREIRA FERNANDES,7701
250001643751,MARIA GIOVANA LUCHIARI PISONI DUARTE FORTUNATO,32932
250001643752,LUCINEIA FERREIRA SANTOS COSTA,1503
250001643753,MARIA REGINA MENDES FERREIRA,184
250001643754,MÁRIO ALVES DA SILVA FILHO,1563
250001643755,TELMA GIMENEZ LOUREIRO,687
250001643757,GLAUCE KELLY DOS SANTOS ADÃO LIMA,109
250001643861,GLALSON CHAMON DA SILVA,3684
250001643862,ELISSANDRO MARCIO SILVA LINDOSO,31017
250001643863,MARCIO ROBERTO GARCIA LARRANHAGA,1012
250001643865,JOAQUIM TOMAZ DOS SANTOS,101
250001643866,THIAGO HENRIQUE DA SILVA DORIGAN,279
250001643867,LENIR MARIA DE OLIVEIRA,257
250001643868,JADSON JOSÉ BARACHO DA SILVA,411
250001643869,AILTON BISPO DOS ANJOS,731
250001643870,CLAUDIA CRISTINA DA SILVA COSTA,98
250001643871,GILBERTO NASCIMENTO SILVA,95077
250001643872,JÉSSICA APARECIDA SOMER MAGALHÃES,9
250001643873,CARLOS ALBERTO VEIGA DE QUADROS,1114
250001643874,ODILIA EXPEDITA DE SOUSA,222
250001643875,MONICA FERREIRA BITENCOURT DE ALMEIDA,271
250001643876,ANA PAULA JOSÉ EMÍDIO DA SILVA,877
250001643877,CLAUDIA NERYS DE OLIVEIRA,191
250001643878,MARIA DAS GRAÇAS PATRÍCIO,162
250001643879,ELIS REGINA VIEIRA RUANO,1413
250001643880,JOSÉ LUIZ SILVEIRA FILHO,328
250001643881,DAVID DE OLIVEIRA RUFATO,4541
250001643882,ORLANDO APARECIDO TOMASELLA,3262
250001643883,RODOLFO FRANCISCO DE SOUZA,3381
250001643884,MARIA JOSE DA SILVA,291
250001643885,JOSE EDSON DE ARAUJO JUNIOR,137
250001643886,GRACIANO ARILSON DOS SANTOS,3540
250001643887,DANIEL DE ANDRADE VIEIRA,1322
250001643888,ROGERIO XAVIER FRANÇA,814
250001643889,ANA PAULA TOSIN,445
250001643890,ANTÔNIO JOSÉ GERALDO,308
250001643891,NILSON ULLRICH,1301
250001643892,MARIA DA GUIA ALVES DA ROCHA,221
250001643893,JUCILENE ALVES DA SILVA,107
250001643894,FERNANDO FAVORETO,4595
250001643895,JOSÉ OSVALDO CAVALCANTE BELONI,2416
250001643896,PAULO FRANCISCO PERES LUCAS,44
250001643897,RODRIGUES MARQUES DE FIGUEIREDO,11556
250001643898,JOSÉ GUILHERME NEGRÃO PEIXOTO,54849
250001643899,MARCIO ALVARES DE SOUZA,1040
250001643900,JOSÉ ADILSON PEREIRA DOS SANTOS,2438
250001643901,PRISCILLA ROBERTA GASPAR DE OLIVEIRA,4609
250001643902,MARIA ELISABETE DO NASCIMENTO TAHAN LOPES BARROS,197
250001643903,MARCELO GERALDO DA SILVA,450
250001643904,YAN LOPES DE ALMEIDA,9112
250001643905,ELAINE CRISTINA GONÇALVES AMORIM,523
250001643906,AURELIA CINAQUI AMARAL,234
250001643907,WASHINGTON DA SILVA SANTOS,116
250001643908,MADALENA DE LAURA PEREIRA,362
250001643909,ORLANDO COSTA DIAS,16065
250001643910,ADILSON DE MEDEIROS PAULINO,380
250001643911,ROBSON LIMA DE OLIVEIRA,49
250001643912,JOSÉ EDILSON PACHECO SILVA,313
250001643913,VALTER SANTIAGO,370
250001643914,ALEXANDRE DONIZETE TEODORO,987
250001643915,HERICA VELOSO RIBEIRO MONT ALVÃO,8924
250001643916,JERRI ADRIANO FERREIRA DA SILVA,210
250001643917,MARCELO CANDIDO LOPES SIMÕES,2197
250001643918,LUIZ ANTÔNIO VASSOLER,3626
250001643919,JUAREZ DOMINGOS COSTA,519
250001643920,FABIO JOSÉ RIBEIRO PACIULLO,1283
250001643922,VANDERCI EDUARDO PEREIRA,301
250001643923,PAULO PRADO LEITE,523
250001643924,MÔNICA APARECIDA DA SILVA SONTINI,3917
250001649674,FRANCISCO DE ASSIS CARVALHO ARTEN,8524
250001649675,KARLA JULIANE DA SILVA ALVES FRANCISCO,269
250001649676,JOÃO LUIZ FEITOSA,977
250001650566,ERIKA FERNANDA MATOS DOS SANTOS,229
250001651200,JOSÉ ANIBAL PERES DE PONTES,7692
250001651383,NAZARÉ BATISTA BRAGA,1290
250001651384,WILSON LIMA DA SILVA,645
250001651385,MARCELLO LEONARDI BEZERRA,977
250001651388,VANESSSA FERREIRA MARCELO LAURINDO,578
250001651389,DANIELA APARECIDA FELIX,1511
250001651390,ALEXSANDRA RIBEIRO RODRIGUES DA SILVA,774
250001651392,ROSENILDA APARECIDA DA SILVA CRUZ,1358
250001651393,ANTONIO CARLOS DE OLIVEIRA,602
250001651394,NELSON XIMENES JUNIOR,216
250001651395,MANOEL DAMIÃO GOMES BARBOSA,477
250001651396,EVANDRO FONTINELE,257
250001651397,SEVERINO FRANCISCO DA COSTA,830
250001651398,JULIO CESAR DE LIMA MORAES,116
250001651399,ECLAIR PIRES DE SOUZA,132
250001651718,ANA CRISTINA ELIAS LOURENÇO,650
250001651719,ELIAS ANTONIO NETO,5967
250001651720,VITOR NARESSI NETTO,4359
250001651721,PAULA DIAS DE LA FUENTE,285
250001651722,RICARDO DA SILVA SAIBRO,2221
250001651723,FRANCIELLE EYRE DE OLIVEIRA TRIANI,813
250001651724,REINALDO MONTEIRO DA SILVA,1368
250001652609,ADEMILSON DA CONCEIÇÃO CUNHA,634
250001652803,CRISLAINE MARTINS PINHEIRO DA PAZ,507
250001653330,MARCELO HERCOLIN,58419
250001653333,NORMANDO COSTA DE ANDRADE FILHO,103
250001676832,WILSON GRASSI JÚNIOR,6580
250001677864,ALUISIO LUNDGREN CORREA REGIS,65
250001677865,APARECIDO RUBENS DE ANDRADE,162
250001677866,DEIVERSON DIEGO AMARANTE,601
250001677867,EMERSON VANCINI,69
250001677868,FÁBIO AUGUSTO PESCINELLI,80
250001677869,GREICE NAOMI YAMAGUCHI,279
250001677870,JAELSON DA CONCEIÇÃO SERRA,144
250001677871,JEFFERSON RIPI DA SILVA,192
250001677872,JOSE RIBEIRO DE MELO,109
250001677873,LUIS ROSAS JUNIOR,623
250001677874,MARCIO ANTONIO DE OLIVEIRA,138
250001677875,MARIA RACHEL OLIVEIRA BONFIM,65
250001677876,MARTA CRISTINA LUCHI DE LIMA,18
250001677877,MARTHA VANIA LOPES IWASAKI,52
250001677880,NISE HITOMI YAMAGUCHI,36690
250001677883,RICARDO DUREGGER,544
250001677884,ROMÉRIO MOURA DA FONSECA,404
250001677885,SERGIO ZULMIRO LITHOLDO,1681
250001677886,SILVANO XAVIER MOURATO,182
250001677887,TASSIO RENAM SOUZA BOTELHO,8
250001677888,VALTER FRANCISCO BRITO,64
250001677889,VÂNIA REGINA RIBEIRO,852
250001677890,WALDIR FELICIANO GUEDES,34
250001677891,WALTER GUALBERTO DE BRITO,188
250001677892,BIANCA MARIA DELLA SANTA PIMENTA,120
250001677893,CLEBER DOS SANTOS TEIXEIRA,1261
250001677894,DECIO COUTO CLEMENTE,189
250001677895,GENERSON JOSE FAUSTINO,37
250001677896,IRINEU APARECIDO ORTOLANI,105
250001677897,JANAINA PEREIRA DA SILVA SOARES,152
250001677898,JÓ RODRIGUES COSTA DO NASCIMENTO,131
250001677899,JOÃO GOMES DE ALMEIDA,40
250001677900,JOÃO VITOR SPARANO,300
250001677901,ELISANGELA CLENILDA NOBREGA,376
250001677902,GERALNICE ALVES TEIXEIRA,70
250001677905,NEUSA ANTONIA PERINO,417
250001677906,ANTONIO CARLOS MARCIANO,547
250001677907,MARCO ANTONIO FONTEBASSO,234
250001677908,DANIEL BELCHIOR SANTANA,76
250001677910,EDJANE LIMA DE AZEVEDO,1116
250001677911,MARIANA CRISTINA PONTES PAPAIZ,10
250001677912,MIRANICE DOS SANTOS BARRETO,65
250001677913,WILSON JOÃO DA TRINDADE,134
250001677914,MATHEUS GARCIA MOREIRA,210
250001677915,RICARDO PEREIRA DO CARMO,127
250001677916,ROSNAY LUCAS BERNARDES,35
250001677917,MARCELO FABIÁN MERCAU FILHO,658
250001677918,MARCELO ROBERTO PAOLILLO MARTINS,110
250001677919,ODIMAR BARRETO DOS SANTOS,903
250001677920,EDIMARCOS FERREIRA DA SILVA,232
250001677921,ERICO ROMÃO DE VILLALBA ALVIM,54
250001677922,ANDERSON LUIZ BIANCHINI,69
250001677923,ANTONIO DONIZETE LIMA DE ALENCAR,775
250001677924,DURVAL LOPES ORLATO,6331
250001677926,FERNANDA DE ARAÚJO COSTA,281
250001677927,HOMERO DE GIORGE CERQUEIRA,893
250001694707,ELISANGELA BRITO DO NASCIMENTO,140
250001695260,MAURÍCIO JESUS DE MORAES,413
250001695262,MONIQUE FERNANDES MACHADO,87
250001695265,JOÃO ROBERTO DE SOUZA,275
250001695267,MARISTELA MACHADO LEITE GOMES,51
250001695268,PAULO PURKYT,164
250001695269,ROBERTO ALVES DOS SANTOS,979
250001695270,ROBERTO SELMER JÚNIOR,225
250001695271,STELA MARIA ATANÁZIO,247
250001695275,AILTON BOLIGNARI,488
250001695277,CARLOS AUGUSTO LESSA,176
250001695280,EDIVALDO CORREIA DE OLIVEIRA,202
250001695281,ELISA VITÓRIA OLIVEIRA CABARITI,148
250001695283,JOSÉ AUGUSTO FERREIRA,499
250001695284,JOSÉ CARLOS DO NASCIMENTO REIS,434
250001695285,LÉA PICELLI,74
250001695286,MARCEL BRASIL DE SOUZA MOURA,219
250001695287,MARCIA HELENA BARROS BENEDITO,59
250001695288,MARIA PAULA BARROS DE OLIVEIRA,890
250001700012,RIVALDO DOS SANTOS SILVA,76
250001700013,LEANDRO PAGGIARO CORREA DE ARRUDA,44
250001700014,LISIA SAKAI,203
250001700015,SIMONE CRISTINA SOUZA,109
250001700016,CLENILZA PANATO,177
250001700017,GABRIEL MARQUES DA COSTA,108
250001700018,IZADORA CRISTINA DIAS DA SILVA,237
250001700019,JOÃO JORGE CAPRONI COSTA PIMENTA,1121
250001700020,PAULO BEZERRA DE MELO,169
250001700021,TIAGO PIRES,307
250001715838,ELIZA MURATORI DE SOUZA,131
250001715839,ROSEMEIRE SANTIAGO,683
250001715840,ELTON HUGO NEGRINI,2382
250001715842,EZEQUIEL SOUZA DE SÁ,666
250001715843,FLAVIUS COTAIT RUGGIERO,229
250001715844,GIOVANI FALCONE DE CRISTO ALVES,391
250001715845,HERMES RODRIGUES NERY,6481
250001715846,JOÃO ROBERTO TRINDADE,92
250001715847,JOSÉ AZEVEDO PIRES,362
250001715848,LEANDRO RUIVO,140
250001715849,TAINÁ GUIMARÃES MIRANDA,15
250001715850,LUIZ EDUARDO DAMASCENO,176
250001715851,MARCELO CESAR TORRES RUBI,652
250001715852,KERIN DA ROCHA SILVA PEREIRA,92
250001715854,ELIANA GALVÃO DIAS,800
250001715855,ANETE MARIA PIZZIMENTI,478
250001715856,MARIA EMILIA GADELHA SERRA,14131
250001715857,ADONIAS FERREIRA DOS SANTOS,31
250001715858,ANDERSON GOMES DE CAMPOS,251
250001715859,RODRIGO TAVARES DA SILVA,1168
250001715860,LEONARDO DE ASSIS FERREIRA,2349
250001715861,MARIA AUXILIADORA DE SOUSA,197
250001715862,VILMA MARQUES RIBEIRO,307
250001715863,LAUDERICO SARTORATTO,159
250001715864,SANDERSON RIBEIRO CORREIA DE LIMA,141
250001715865,LEILSON CASTRO DOS SANTOS,183
250001715866,APARECIDO RODRIGUES DE SIQUEIRA,132
250001715867,ELISANGELA MARIA FERREIRA,216
250001715868,PAULO ROBERTO ROSENO JUNIOR,559
250001715869,WASHINGTON LUIZ BEZERRA DA SILVA,736
250001715871,BEATRIZ CAROLINA REIS,87
250001715872,ROGERIO STRACIALANO PARADA,2560
250001715873,DANILO ANDRÉ MOSER,443
250001715874,MARA LUCIA GARCIA,166
250001715875,SUZECLEA SOUZA SANTOS,25
250001715876,ADEMIR CREPALDI,244
250001715877,REGINALDO BELARMINO DA SILVA,324
250001715878,PRISCILA FERNANDES HOLANDA,276
250001715879,ANGELA ISABEL RODRIGUES,42
250001715880,LEANDRO VITOR AFONSO DA SILVA VERONEZ,92
250001715881,JOSÉ ROBERTO CAMARGO,96
250001715882,ROGÉRIO DOS SANTOS GOMES,545
250001715883,ALLAN ARONI,46
250001715885,WILSON KEIITI HAYASHIDA,203
250001715886,RENATA CARVALHO RIBEIRO GIMENEZ,18
250001715888,SILVIA HELENA BUENDIA,273
250001715889,JOSÉ ALFREDO GARCIA DOS SANTOS,53
250001715890,ALEXANDRE MARTINS RICCI,308
250001715891,THAIS ALBERTINA DA CRUZ,7
250001715892,BRUNO MARINHO BARCELLOS,185
250001715893,ADEMIR DA PENHA CLEMENTE,392
250001715894,MARCOS RODRIGUES,104
250001715895,MARIO VIGGIANI NETO,4253
250001715896,RAIMUNDO NONATO PEREIRA DOS SANTOS,139
250001715897,RENATO DO NASCIMENTO,327
250001715898,TIAGO SOUZA GUEDES,584
250001715899,JESSICA PASCOAL ALVES,128
250001715900,JANAÍNA VALÉRIA BUCKER RIEDO,101
250001715901,DIENES PEREIRA DE SOUZA,1340
250001715902,MARCIONILIO CAMARGO DOS SANTOS,224
250001715903,MARCOS PARAÍSO DA SILVA,1512
250001715904,MARCOS ROBERTO DIAS DE OLIVEIRA,265
250001715905,RENATO KOGA CERQUEIRA,539
250001715907,SILAS ALVES FEITOSA,3799
250001717123,CARLOS ALBERTO CANTELLI,723
250001717124,CLAUDIO SIDNEI RIBEIRO,632
250001717125,EDER SOLDERA BORGHETTI,878
250001717126,ELIANA OLIVEIRA DE LIMA,169
250001717127,EMERSON VIRGILIO VENANCIO,620
250001717128,FABIO DE VASCONCELOS LIMA,163
250001717129,ROBERTO DE PAULA SOUZA,297
250001717130,ROMULO APARECIDO SENNA DE SOUZA,1309
250001717131,DEBORAH SOARES RESEK,43
250001717132,DENILCE JOSEFINA NICOLA,580
250001717133,EDVALDO RANZANI CARLOS,216
250001717134,GERALDO RODRIGUES GUILHERME,131
250001717135,NATANAEL RODRIGUES DE PAULA,132
250001717136,ANDRÉ ALMEIDA MILIAN,237
250001717137,RENE ROSA,608
250001717138,ANTONIO CARLOS TONINI,568
250001717139,SAULO GOES DE ALBUQUERQUE,1420
250001717140,CARLOS HENRIQUE DARDE,142
250001717142,MARIA PAULA MILLEN BARCELLOS,1101
250001717143,LUCIANE SANDRA CAMBUIM,339
250001717144,LUCIANO UBIRAJARA NASSAR,69
250001717145,LUIZ CARLOS RAMOS ARRUDA DA SILVA,207
250001717146,MARIA MIRTES LOPES DA SILVA CAMELO,126
250001717147,MARIO JOSE DE SOUZA,329
250001717148,MOACIR RODRIGUES FERNANDES,289
250001717149,PAULO EDUARDO DE PAULA,101
250001717150,RICARDO DE DEUS ANDRADE,66
250001717151,RICARDO FASSIO CAVALCANTE CUNHA,673
250001717152,ROBSON DE LIMA,189
250001717153,SEVERINO DE OLIVEIRA MELO,148
250001717155,SOLANGE APARECIDA FERREIRA DOS SANTOS,152
250001717156,SÔNIA MELHADO DE MORAIS,282
250001717157,VERA LÚCIA SANTOS DE FRANÇA,100
250001717158,WALTER AGUIAR DE CARVALHO JUNIOR,851
250001717159,WILKY ANDRADE OKAGAWA,51
250001717161,DAGMAR PEREIRA DE SOUZA MOITINHO DE LIMA CRUZ,333
250001717162,MANOEL DOS SANTOS SILVA IRMAO,230
250001717163,ROBSON INACIO GOMES,469
250001717164,MARCOS DE BARROS GABRIEL,201
250001717165,REYNALDO CAMPANATTI PEREIRA,2031
250001717166,ROBERVAL BARBOSA DE JESUS,844
250001717167,VIVIANE RODRIGUES DA SILVA AUGUSTO,193
250001717168,EDER DIAS MASCARENHAS,931
250001717169,CARLOS ROBERTO DE ALMEIDA,4660
250001717170,ADELSON DE SOUZA PENHA,313
250001717171,ELIANE CRISTINA GANZAROLI DA SILVA,321
250001717172,SIONEIA APARECIDA DE MELLO,389
250001717173,ALLAN SERGIO NASCIMENTO,187
250001717174,SUELI DOS SANTOS SILVA BARBOSA,198
250001717175,ADEMIR RODRIGO DA LUZ,634
250001717176,CICERO SANTANA DA SILVA,120
250001717177,ELIAS TEIXEIRA,205
250001717178,FLAVIO ROBERTO CASIMIRO,307
250001717179,GILBERTO SILVA LIMA,339
250001717180,GONZAGA MENDES DE OLIVEIRA,282
250001717181,IRIS MARIA BARROS DE BRITO,376
250001717182,JENNIFER ADRIELI CERQUEIRA LEITE LOPES,183
250001717183,JONAS AUGUSTO MIGUEL MACHADO,133
250001717184,JOSÉ AUGUSTINHO DOS SANTOS,575
250001717185,JOSE CICERO DE OLIVEIRA,225
250001717186,JOSE GERALDO DE CARVALHO,326
250001717187,JOSE MANOEL DE LIRA FILHO,282
250001717188,JOSÉ PAULO DE MENDONÇA LEMOS,196
250001717189,JULIANO TAKESHI KOCHI,552
250001717190,JURACY FRANCISCO DE JESUS,834
250001717191,KELLY PIRES FREITAS,131
250001717192,LEONILDE RUFINO DE SENA HINA,576
250001717193,LILIANE NUNES DE CARVALHO DOS SANTOS,1880
250001717803,NILZA MARIA DE JESUS NOGUEIRA,45
250001723286,LEWIS SAWINSKI DE ALMEIDA,407
250001723638,CRISTIANE BRASIL FRANCISCO,6730
250001724348,FABIO BLANES,2888
250001724914,VIVIANE SOARES DE OLIVEIRA ALVES,463
250001725452,FÁBIO NOVAIS MAGALHÃES,177
250001725453,MARCOS ANTONIO DE ARAUJO,2248
250001725834,ALESSANDRO SOUSA DA SILVA,496
250001725837,CRISTIANO MOREIRA PINTO BERALDO,43460
250001725848,MARIA DA PAIXÃO PEREIRA COSTA,342
250001725858,CLEIDE FRANCISCO BIZERRA DA SILVA,232
250001726455,ADRIANA GLEDYS ZINK,4439
250001726489,ROSANGELA DA SILVA BATISTA,434
250001726562,MARIA LÚCIA BRESSANE CRUZ,291
250001727937,FABIO DE SALLES MEIRELLES NETO,2849
250001727938,RODRIGO ADRIANO DA SILVA,616
250001730274,ANA CLÁUDIA FERREIRA DE PAIVA,1051
250001731880,MARCOS ROBERTO DOS SANTOS,98
250001731887,ORLANDO GALATI,923
250001734073,MARIA TERESA SELBACH EYMAEL,33
250001734074,CESAR RENATO DA SILVA,87
250001736106,VALTER ALCANTARA ROSSI,217
250001736643,RIVANDA OLIVEIRA RIELI,479
250001737231,VANIA DA PAIXÃO LANA ONWUDIWE,787
250001737234,CARLOS ALBERTO ADÃO,359
250001738806,FRANCISCO DE ASSIS DA SILVA,587
250001738807,JOSE CARLOS FERREIRA BARBOSA,62
250001738894,SONIA MARIA GUERREIRO PAZINI,63
250001738898,PABLO HENRIQUE COSTA MARÇAL,243037
250001738899,FATIMA APARECIDA SANTOS DE SOUZA,699
250001738902,SELMA SANTOS GAMA MARTINS,44
250001739237,THAISE DIAS LIMA DE SOUZA,91
250001739238,ANDRÉA CRISTINA PRADELLA,26
250001740216,SERGIO ROBERTO RIBEIRO DOS SANTOS,408
